{"cameraMode":{"drawMode":0,"name":"Shaded","section":"Shading Mode"},"sceneLighting":true,"audioPlay":false,"sceneViewState":{"m_AlwaysRefresh":false,"showFog":true,"showSkybox":true,"showFlares":true,"showImageEffects":true,"showParticleSystems":true,"showVisualEffectGraphs":true,"m_FxEnabled":true},"in2DMode":false,"pivot":{"x":469.17413330078127,"y":682.0286254882813,"z":-638.4094848632813},"rotation":{"x":0.06894491612911225,"y":0.0035932394675910475,"z":-0.0002480842813383788,"w":0.9976157546043396},"size":211.69454956054688,"orthographic":false}