{"cameraMode":{"drawMode":0,"name":"Shaded","section":"Shading Mode"},"sceneLighting":false,"audioPlay":false,"sceneViewState":{"m_AlwaysRefresh":false,"showFog":true,"showSkybox":false,"showFlares":true,"showImageEffects":true,"showParticleSystems":true,"showVisualEffectGraphs":true,"m_FxEnabled":true},"in2DMode":false,"pivot":{"x":-1.4211578369140626,"y":3.3768997192382814,"z":2.3941116333007814},"rotation":{"x":0.46033793687820437,"y":-0.019436979666352273,"z":0.010082243010401726,"w":0.887474000453949},"size":139.02114868164063,"orthographic":false}