{"cameraMode":{"drawMode":0,"name":"Shaded","section":"Shading Mode"},"sceneLighting":false,"audioPlay":false,"sceneViewState":{"m_AlwaysRefresh":false,"showFog":true,"showSkybox":false,"showFlares":true,"showImageEffects":true,"showParticleSystems":true,"showVisualEffectGraphs":true,"m_FxEnabled":true},"in2DMode":false,"pivot":{"x":-0.00006210803985595703,"y":1.3774089813232422,"z":5.634429454803467},"rotation":{"x":-0.29971134662628176,"y":0.20564641058444978,"z":-0.06632798910140991,"w":-0.929238498210907},"size":2.1325876712799074,"orthographic":false}